menu_name,menu_link,menu_image,submenu_link,store_name
Sales,https://www.instacart.com/store/o-organics/departments/1000413,/O Organics Market/206e2b95e4964cefaa807ec708e9ba75.jpeg,https://www.instacart.com/store/o-organics/departments/1000413/aisles/1013698,O Organics Market
Sales,https://www.instacart.com/store/o-organics/departments/1000413,/O Organics Market/206e2b95e4964cefaa807ec708e9ba75.jpeg,https://www.instacart.com/store/o-organics/departments/1000413/aisles/1013615,O Organics Market
Sales,https://www.instacart.com/store/o-organics/departments/1000413,/O Organics Market/206e2b95e4964cefaa807ec708e9ba75.jpeg,https://www.instacart.com/store/o-organics/departments/1000413/aisles/1013423,O Organics Market
Sales,https://www.instacart.com/store/o-organics/departments/1000413,/O Organics Market/206e2b95e4964cefaa807ec708e9ba75.jpeg,https://www.instacart.com/store/o-organics/departments/1000413/aisles/1013158,O Organics Market
Sales,https://www.instacart.com/store/o-organics/departments/1000413,/O Organics Market/206e2b95e4964cefaa807ec708e9ba75.jpeg,https://www.instacart.com/store/o-organics/departments/1000413/aisles/1013161,O Organics Market
Sales,https://www.instacart.com/store/o-organics/departments/1000413,/O Organics Market/206e2b95e4964cefaa807ec708e9ba75.jpeg,https://www.instacart.com/store/o-organics/departments/1000413/aisles/1013181,O Organics Market
Sales,https://www.instacart.com/store/o-organics/departments/1000413,/O Organics Market/206e2b95e4964cefaa807ec708e9ba75.jpeg,https://www.instacart.com/store/o-organics/departments/1000413/aisles/1013148,O Organics Market
Sales,https://www.instacart.com/store/o-organics/departments/1000413,/O Organics Market/206e2b95e4964cefaa807ec708e9ba75.jpeg,https://www.instacart.com/store/o-organics/departments/1000413/aisles/1013176,O Organics Market
Sales,https://www.instacart.com/store/o-organics/departments/1000413,/O Organics Market/206e2b95e4964cefaa807ec708e9ba75.jpeg,https://www.instacart.com/store/o-organics/departments/1000413/aisles/1013149,O Organics Market
Sales,https://www.instacart.com/store/o-organics/departments/1000413,/O Organics Market/206e2b95e4964cefaa807ec708e9ba75.jpeg,https://www.instacart.com/store/o-organics/departments/1000413/aisles/1013174,O Organics Market
Sales,https://www.instacart.com/store/o-organics/departments/1000413,/O Organics Market/206e2b95e4964cefaa807ec708e9ba75.jpeg,https://www.instacart.com/store/o-organics/departments/1000413/aisles/1013175,O Organics Market
Sales,https://www.instacart.com/store/o-organics/departments/1000413,/O Organics Market/206e2b95e4964cefaa807ec708e9ba75.jpeg,https://www.instacart.com/store/o-organics/departments/1000413/aisles/1013179,O Organics Market
Sales,https://www.instacart.com/store/o-organics/departments/1000413,/O Organics Market/206e2b95e4964cefaa807ec708e9ba75.jpeg,https://www.instacart.com/store/o-organics/departments/1000413/aisles/1013150,O Organics Market
Sales,https://www.instacart.com/store/o-organics/departments/1000413,/O Organics Market/206e2b95e4964cefaa807ec708e9ba75.jpeg,https://www.instacart.com/store/o-organics/departments/1000413/aisles/1013151,O Organics Market
Sales,https://www.instacart.com/store/o-organics/departments/1000413,/O Organics Market/206e2b95e4964cefaa807ec708e9ba75.jpeg,https://www.instacart.com/store/o-organics/departments/1000413/aisles/1013157,O Organics Market
Sales,https://www.instacart.com/store/o-organics/departments/1000413,/O Organics Market/206e2b95e4964cefaa807ec708e9ba75.jpeg,https://www.instacart.com/store/o-organics/departments/1000413/aisles/1013156,O Organics Market
Sales,https://www.instacart.com/store/o-organics/departments/1000413,/O Organics Market/206e2b95e4964cefaa807ec708e9ba75.jpeg,https://www.instacart.com/store/o-organics/departments/1000413/aisles/1013165,O Organics Market
Sales,https://www.instacart.com/store/o-organics/departments/1000413,/O Organics Market/206e2b95e4964cefaa807ec708e9ba75.jpeg,https://www.instacart.com/store/o-organics/departments/1000413/aisles/1013152,O Organics Market
Open Nature,https://www.instacart.com/store/o-organics/departments/13698,,https://www.instacart.com/store/o-organics/departments/13698/aisles/72793,O Organics Market
Open Nature,https://www.instacart.com/store/o-organics/departments/13698,,https://www.instacart.com/store/o-organics/departments/13698/aisles/72607,O Organics Market
Open Nature,https://www.instacart.com/store/o-organics/departments/13698,,https://www.instacart.com/store/o-organics/departments/13698/aisles/72606,O Organics Market
Open Nature,https://www.instacart.com/store/o-organics/departments/13698,,https://www.instacart.com/store/o-organics/departments/13698/aisles/72605,O Organics Market
Open Nature,https://www.instacart.com/store/o-organics/departments/13698,,https://www.instacart.com/store/o-organics/departments/13698/aisles/72604,O Organics Market
Open Nature,https://www.instacart.com/store/o-organics/departments/13698,,https://www.instacart.com/store/o-organics/departments/13698/aisles/72603,O Organics Market
Open Nature,https://www.instacart.com/store/o-organics/departments/13698,,https://www.instacart.com/store/o-organics/departments/13698/aisles/72602,O Organics Market
Open Nature,https://www.instacart.com/store/o-organics/departments/13698,,https://www.instacart.com/store/o-organics/departments/13698/aisles/72601,O Organics Market
Open Nature,https://www.instacart.com/store/o-organics/departments/13698,,https://www.instacart.com/store/o-organics/departments/13698/aisles/72600,O Organics Market
Open Nature,https://www.instacart.com/store/o-organics/departments/13698,,https://www.instacart.com/store/o-organics/departments/13698/aisles/72599,O Organics Market
Open Nature,https://www.instacart.com/store/o-organics/departments/13698,,https://www.instacart.com/store/o-organics/departments/13698/aisles/1013698,O Organics Market
Gluten Free,https://www.instacart.com/store/o-organics/departments/13615,,https://www.instacart.com/store/o-organics/departments/13615/aisles/72395,O Organics Market
Gluten Free,https://www.instacart.com/store/o-organics/departments/13615,,https://www.instacart.com/store/o-organics/departments/13615/aisles/72393,O Organics Market
Gluten Free,https://www.instacart.com/store/o-organics/departments/13615,,https://www.instacart.com/store/o-organics/departments/13615/aisles/72392,O Organics Market
Gluten Free,https://www.instacart.com/store/o-organics/departments/13615,,https://www.instacart.com/store/o-organics/departments/13615/aisles/72391,O Organics Market
Gluten Free,https://www.instacart.com/store/o-organics/departments/13615,,https://www.instacart.com/store/o-organics/departments/13615/aisles/72390,O Organics Market
Gluten Free,https://www.instacart.com/store/o-organics/departments/13615,,https://www.instacart.com/store/o-organics/departments/13615/aisles/72388,O Organics Market
Gluten Free,https://www.instacart.com/store/o-organics/departments/13615,,https://www.instacart.com/store/o-organics/departments/13615/aisles/72386,O Organics Market
Gluten Free,https://www.instacart.com/store/o-organics/departments/13615,,https://www.instacart.com/store/o-organics/departments/13615/aisles/72385,O Organics Market
Gluten Free,https://www.instacart.com/store/o-organics/departments/13615,,https://www.instacart.com/store/o-organics/departments/13615/aisles/1013615,O Organics Market
Organic,https://www.instacart.com/store/o-organics/departments/13423,,https://www.instacart.com/store/o-organics/departments/13423/aisles/71200,O Organics Market
Organic,https://www.instacart.com/store/o-organics/departments/13423,,https://www.instacart.com/store/o-organics/departments/13423/aisles/71199,O Organics Market
Organic,https://www.instacart.com/store/o-organics/departments/13423,,https://www.instacart.com/store/o-organics/departments/13423/aisles/71198,O Organics Market
Organic,https://www.instacart.com/store/o-organics/departments/13423,,https://www.instacart.com/store/o-organics/departments/13423/aisles/71197,O Organics Market
Organic,https://www.instacart.com/store/o-organics/departments/13423,,https://www.instacart.com/store/o-organics/departments/13423/aisles/71196,O Organics Market
Organic,https://www.instacart.com/store/o-organics/departments/13423,,https://www.instacart.com/store/o-organics/departments/13423/aisles/71195,O Organics Market
Organic,https://www.instacart.com/store/o-organics/departments/13423,,https://www.instacart.com/store/o-organics/departments/13423/aisles/1013423,O Organics Market
Produce,https://www.instacart.com/store/o-organics/departments/13158,/O Organics Market/87c31a2e339d46c0adc29bf2f3724fb3.jpeg,https://www.instacart.com/store/o-organics/departments/13158/aisles/77486,O Organics Market
Produce,https://www.instacart.com/store/o-organics/departments/13158,/O Organics Market/87c31a2e339d46c0adc29bf2f3724fb3.jpeg,https://www.instacart.com/store/o-organics/departments/13158/aisles/77485,O Organics Market
Produce,https://www.instacart.com/store/o-organics/departments/13158,/O Organics Market/87c31a2e339d46c0adc29bf2f3724fb3.jpeg,https://www.instacart.com/store/o-organics/departments/13158/aisles/77299,O Organics Market
Produce,https://www.instacart.com/store/o-organics/departments/13158,/O Organics Market/87c31a2e339d46c0adc29bf2f3724fb3.jpeg,https://www.instacart.com/store/o-organics/departments/13158/aisles/70618,O Organics Market
Produce,https://www.instacart.com/store/o-organics/departments/13158,/O Organics Market/87c31a2e339d46c0adc29bf2f3724fb3.jpeg,https://www.instacart.com/store/o-organics/departments/13158/aisles/69843,O Organics Market
Produce,https://www.instacart.com/store/o-organics/departments/13158,/O Organics Market/87c31a2e339d46c0adc29bf2f3724fb3.jpeg,https://www.instacart.com/store/o-organics/departments/13158/aisles/69845,O Organics Market
Produce,https://www.instacart.com/store/o-organics/departments/13158,/O Organics Market/87c31a2e339d46c0adc29bf2f3724fb3.jpeg,https://www.instacart.com/store/o-organics/departments/13158/aisles/69844,O Organics Market
Produce,https://www.instacart.com/store/o-organics/departments/13158,/O Organics Market/87c31a2e339d46c0adc29bf2f3724fb3.jpeg,https://www.instacart.com/store/o-organics/departments/13158/aisles/69842,O Organics Market
Produce,https://www.instacart.com/store/o-organics/departments/13158,/O Organics Market/87c31a2e339d46c0adc29bf2f3724fb3.jpeg,https://www.instacart.com/store/o-organics/departments/13158/aisles/1013158,O Organics Market
Produce,https://www.instacart.com/store/o-organics/departments/13158,/O Organics Market/87c31a2e339d46c0adc29bf2f3724fb3.jpeg,https://www.instacart.com/store/o-organics/departments/13158/aisles/3013158,O Organics Market
Dairy & Eggs,https://www.instacart.com/store/o-organics/departments/13176,/O Organics Market/be43b1c367624fbb809e82fc5cfcfc1d.jpeg,https://www.instacart.com/store/o-organics/departments/13176/aisles/69900,O Organics Market
Dairy & Eggs,https://www.instacart.com/store/o-organics/departments/13176,/O Organics Market/be43b1c367624fbb809e82fc5cfcfc1d.jpeg,https://www.instacart.com/store/o-organics/departments/13176/aisles/69903,O Organics Market
Dairy & Eggs,https://www.instacart.com/store/o-organics/departments/13176,/O Organics Market/be43b1c367624fbb809e82fc5cfcfc1d.jpeg,https://www.instacart.com/store/o-organics/departments/13176/aisles/69901,O Organics Market
Dairy & Eggs,https://www.instacart.com/store/o-organics/departments/13176,/O Organics Market/be43b1c367624fbb809e82fc5cfcfc1d.jpeg,https://www.instacart.com/store/o-organics/departments/13176/aisles/69899,O Organics Market
Dairy & Eggs,https://www.instacart.com/store/o-organics/departments/13176,/O Organics Market/be43b1c367624fbb809e82fc5cfcfc1d.jpeg,https://www.instacart.com/store/o-organics/departments/13176/aisles/69904,O Organics Market
Dairy & Eggs,https://www.instacart.com/store/o-organics/departments/13176,/O Organics Market/be43b1c367624fbb809e82fc5cfcfc1d.jpeg,https://www.instacart.com/store/o-organics/departments/13176/aisles/69898,O Organics Market
Dairy & Eggs,https://www.instacart.com/store/o-organics/departments/13176,/O Organics Market/be43b1c367624fbb809e82fc5cfcfc1d.jpeg,https://www.instacart.com/store/o-organics/departments/13176/aisles/69902,O Organics Market
Dairy & Eggs,https://www.instacart.com/store/o-organics/departments/13176,/O Organics Market/be43b1c367624fbb809e82fc5cfcfc1d.jpeg,https://www.instacart.com/store/o-organics/departments/13176/aisles/69906,O Organics Market
Dairy & Eggs,https://www.instacart.com/store/o-organics/departments/13176,/O Organics Market/be43b1c367624fbb809e82fc5cfcfc1d.jpeg,https://www.instacart.com/store/o-organics/departments/13176/aisles/1013176,O Organics Market
Snacks,https://www.instacart.com/store/o-organics/departments/13157,/O Organics Market/e4138a42f1c24625859cc209fb740fb1.jpeg,https://www.instacart.com/store/o-organics/departments/13157/aisles/69832,O Organics Market
Snacks,https://www.instacart.com/store/o-organics/departments/13157,/O Organics Market/e4138a42f1c24625859cc209fb740fb1.jpeg,https://www.instacart.com/store/o-organics/departments/13157/aisles/69836,O Organics Market
Snacks,https://www.instacart.com/store/o-organics/departments/13157,/O Organics Market/e4138a42f1c24625859cc209fb740fb1.jpeg,https://www.instacart.com/store/o-organics/departments/13157/aisles/69833,O Organics Market
Snacks,https://www.instacart.com/store/o-organics/departments/13157,/O Organics Market/e4138a42f1c24625859cc209fb740fb1.jpeg,https://www.instacart.com/store/o-organics/departments/13157/aisles/69838,O Organics Market
Snacks,https://www.instacart.com/store/o-organics/departments/13157,/O Organics Market/e4138a42f1c24625859cc209fb740fb1.jpeg,https://www.instacart.com/store/o-organics/departments/13157/aisles/69834,O Organics Market
Snacks,https://www.instacart.com/store/o-organics/departments/13157,/O Organics Market/e4138a42f1c24625859cc209fb740fb1.jpeg,https://www.instacart.com/store/o-organics/departments/13157/aisles/69839,O Organics Market
Snacks,https://www.instacart.com/store/o-organics/departments/13157,/O Organics Market/e4138a42f1c24625859cc209fb740fb1.jpeg,https://www.instacart.com/store/o-organics/departments/13157/aisles/69837,O Organics Market
Snacks,https://www.instacart.com/store/o-organics/departments/13157,/O Organics Market/e4138a42f1c24625859cc209fb740fb1.jpeg,https://www.instacart.com/store/o-organics/departments/13157/aisles/69831,O Organics Market
Snacks,https://www.instacart.com/store/o-organics/departments/13157,/O Organics Market/e4138a42f1c24625859cc209fb740fb1.jpeg,https://www.instacart.com/store/o-organics/departments/13157/aisles/69830,O Organics Market
Snacks,https://www.instacart.com/store/o-organics/departments/13157,/O Organics Market/e4138a42f1c24625859cc209fb740fb1.jpeg,https://www.instacart.com/store/o-organics/departments/13157/aisles/1013157,O Organics Market
Snacks,https://www.instacart.com/store/o-organics/departments/13157,/O Organics Market/e4138a42f1c24625859cc209fb740fb1.jpeg,https://www.instacart.com/store/o-organics/departments/13157/aisles/3013157,O Organics Market
Beverages,https://www.instacart.com/store/o-organics/departments/13150,/O Organics Market/9e4623ee7a83437898153fc8918fce76.jpeg,https://www.instacart.com/store/o-organics/departments/13150/aisles/69786,O Organics Market
Beverages,https://www.instacart.com/store/o-organics/departments/13150,/O Organics Market/9e4623ee7a83437898153fc8918fce76.jpeg,https://www.instacart.com/store/o-organics/departments/13150/aisles/69788,O Organics Market
Beverages,https://www.instacart.com/store/o-organics/departments/13150,/O Organics Market/9e4623ee7a83437898153fc8918fce76.jpeg,https://www.instacart.com/store/o-organics/departments/13150/aisles/69787,O Organics Market
Beverages,https://www.instacart.com/store/o-organics/departments/13150,/O Organics Market/9e4623ee7a83437898153fc8918fce76.jpeg,https://www.instacart.com/store/o-organics/departments/13150/aisles/69784,O Organics Market
Beverages,https://www.instacart.com/store/o-organics/departments/13150,/O Organics Market/9e4623ee7a83437898153fc8918fce76.jpeg,https://www.instacart.com/store/o-organics/departments/13150/aisles/69785,O Organics Market
Beverages,https://www.instacart.com/store/o-organics/departments/13150,/O Organics Market/9e4623ee7a83437898153fc8918fce76.jpeg,https://www.instacart.com/store/o-organics/departments/13150/aisles/69782,O Organics Market
Beverages,https://www.instacart.com/store/o-organics/departments/13150,/O Organics Market/9e4623ee7a83437898153fc8918fce76.jpeg,https://www.instacart.com/store/o-organics/departments/13150/aisles/69789,O Organics Market
Beverages,https://www.instacart.com/store/o-organics/departments/13150,/O Organics Market/9e4623ee7a83437898153fc8918fce76.jpeg,https://www.instacart.com/store/o-organics/departments/13150/aisles/69783,O Organics Market
Beverages,https://www.instacart.com/store/o-organics/departments/13150,/O Organics Market/9e4623ee7a83437898153fc8918fce76.jpeg,https://www.instacart.com/store/o-organics/departments/13150/aisles/1013150,O Organics Market
Beverages,https://www.instacart.com/store/o-organics/departments/13150,/O Organics Market/9e4623ee7a83437898153fc8918fce76.jpeg,https://www.instacart.com/store/o-organics/departments/13150/aisles/3013150,O Organics Market
Meat & Seafood,https://www.instacart.com/store/o-organics/departments/13161,/O Organics Market/90ba1cb0f82a42c1b3270264db5a5853.jpeg,https://www.instacart.com/store/o-organics/departments/13161/aisles/69850,O Organics Market
Meat & Seafood,https://www.instacart.com/store/o-organics/departments/13161,/O Organics Market/90ba1cb0f82a42c1b3270264db5a5853.jpeg,https://www.instacart.com/store/o-organics/departments/13161/aisles/69851,O Organics Market
Meat & Seafood,https://www.instacart.com/store/o-organics/departments/13161,/O Organics Market/90ba1cb0f82a42c1b3270264db5a5853.jpeg,https://www.instacart.com/store/o-organics/departments/13161/aisles/69854,O Organics Market
Meat & Seafood,https://www.instacart.com/store/o-organics/departments/13161,/O Organics Market/90ba1cb0f82a42c1b3270264db5a5853.jpeg,https://www.instacart.com/store/o-organics/departments/13161/aisles/69848,O Organics Market
Meat & Seafood,https://www.instacart.com/store/o-organics/departments/13161,/O Organics Market/90ba1cb0f82a42c1b3270264db5a5853.jpeg,https://www.instacart.com/store/o-organics/departments/13161/aisles/69853,O Organics Market
Meat & Seafood,https://www.instacart.com/store/o-organics/departments/13161,/O Organics Market/90ba1cb0f82a42c1b3270264db5a5853.jpeg,https://www.instacart.com/store/o-organics/departments/13161/aisles/69852,O Organics Market
Meat & Seafood,https://www.instacart.com/store/o-organics/departments/13161,/O Organics Market/90ba1cb0f82a42c1b3270264db5a5853.jpeg,https://www.instacart.com/store/o-organics/departments/13161/aisles/69849,O Organics Market
Meat & Seafood,https://www.instacart.com/store/o-organics/departments/13161,/O Organics Market/90ba1cb0f82a42c1b3270264db5a5853.jpeg,https://www.instacart.com/store/o-organics/departments/13161/aisles/1013161,O Organics Market
Frozen,https://www.instacart.com/store/o-organics/departments/13156,/O Organics Market/8d52b3c866cc4880bf600cf9449072a5.jpeg,https://www.instacart.com/store/o-organics/departments/13156/aisles/69823,O Organics Market
Frozen,https://www.instacart.com/store/o-organics/departments/13156,/O Organics Market/8d52b3c866cc4880bf600cf9449072a5.jpeg,https://www.instacart.com/store/o-organics/departments/13156/aisles/69827,O Organics Market
Frozen,https://www.instacart.com/store/o-organics/departments/13156,/O Organics Market/8d52b3c866cc4880bf600cf9449072a5.jpeg,https://www.instacart.com/store/o-organics/departments/13156/aisles/69826,O Organics Market
Frozen,https://www.instacart.com/store/o-organics/departments/13156,/O Organics Market/8d52b3c866cc4880bf600cf9449072a5.jpeg,https://www.instacart.com/store/o-organics/departments/13156/aisles/69828,O Organics Market
Frozen,https://www.instacart.com/store/o-organics/departments/13156,/O Organics Market/8d52b3c866cc4880bf600cf9449072a5.jpeg,https://www.instacart.com/store/o-organics/departments/13156/aisles/69818,O Organics Market
Frozen,https://www.instacart.com/store/o-organics/departments/13156,/O Organics Market/8d52b3c866cc4880bf600cf9449072a5.jpeg,https://www.instacart.com/store/o-organics/departments/13156/aisles/69825,O Organics Market
Frozen,https://www.instacart.com/store/o-organics/departments/13156,/O Organics Market/8d52b3c866cc4880bf600cf9449072a5.jpeg,https://www.instacart.com/store/o-organics/departments/13156/aisles/1013156,O Organics Market
Pantry,https://www.instacart.com/store/o-organics/departments/13175,/O Organics Market/fe01ed8161584356ad5b505a62a7ad83.jpeg,https://www.instacart.com/store/o-organics/departments/13175/aisles/69897,O Organics Market
Pantry,https://www.instacart.com/store/o-organics/departments/13175,/O Organics Market/fe01ed8161584356ad5b505a62a7ad83.jpeg,https://www.instacart.com/store/o-organics/departments/13175/aisles/69892,O Organics Market
Pantry,https://www.instacart.com/store/o-organics/departments/13175,/O Organics Market/fe01ed8161584356ad5b505a62a7ad83.jpeg,https://www.instacart.com/store/o-organics/departments/13175/aisles/69889,O Organics Market
Pantry,https://www.instacart.com/store/o-organics/departments/13175,/O Organics Market/fe01ed8161584356ad5b505a62a7ad83.jpeg,https://www.instacart.com/store/o-organics/departments/13175/aisles/69891,O Organics Market
Pantry,https://www.instacart.com/store/o-organics/departments/13175,/O Organics Market/fe01ed8161584356ad5b505a62a7ad83.jpeg,https://www.instacart.com/store/o-organics/departments/13175/aisles/69890,O Organics Market
Pantry,https://www.instacart.com/store/o-organics/departments/13175,/O Organics Market/fe01ed8161584356ad5b505a62a7ad83.jpeg,https://www.instacart.com/store/o-organics/departments/13175/aisles/69886,O Organics Market
Pantry,https://www.instacart.com/store/o-organics/departments/13175,/O Organics Market/fe01ed8161584356ad5b505a62a7ad83.jpeg,https://www.instacart.com/store/o-organics/departments/13175/aisles/69887,O Organics Market
Pantry,https://www.instacart.com/store/o-organics/departments/13175,/O Organics Market/fe01ed8161584356ad5b505a62a7ad83.jpeg,https://www.instacart.com/store/o-organics/departments/13175/aisles/69896,O Organics Market
Pantry,https://www.instacart.com/store/o-organics/departments/13175,/O Organics Market/fe01ed8161584356ad5b505a62a7ad83.jpeg,https://www.instacart.com/store/o-organics/departments/13175/aisles/69895,O Organics Market
Pantry,https://www.instacart.com/store/o-organics/departments/13175,/O Organics Market/fe01ed8161584356ad5b505a62a7ad83.jpeg,https://www.instacart.com/store/o-organics/departments/13175/aisles/69894,O Organics Market
Pantry,https://www.instacart.com/store/o-organics/departments/13175,/O Organics Market/fe01ed8161584356ad5b505a62a7ad83.jpeg,https://www.instacart.com/store/o-organics/departments/13175/aisles/1013175,O Organics Market
Deli,https://www.instacart.com/store/o-organics/departments/13181,/O Organics Market/661f1f30948f48488845a0e52370c389.jpeg,https://www.instacart.com/store/o-organics/departments/13181/aisles/76877,O Organics Market
Deli,https://www.instacart.com/store/o-organics/departments/13181,/O Organics Market/661f1f30948f48488845a0e52370c389.jpeg,https://www.instacart.com/store/o-organics/departments/13181/aisles/69841,O Organics Market
Deli,https://www.instacart.com/store/o-organics/departments/13181,/O Organics Market/661f1f30948f48488845a0e52370c389.jpeg,https://www.instacart.com/store/o-organics/departments/13181/aisles/69952,O Organics Market
Deli,https://www.instacart.com/store/o-organics/departments/13181,/O Organics Market/661f1f30948f48488845a0e52370c389.jpeg,https://www.instacart.com/store/o-organics/departments/13181/aisles/69955,O Organics Market
Deli,https://www.instacart.com/store/o-organics/departments/13181,/O Organics Market/661f1f30948f48488845a0e52370c389.jpeg,https://www.instacart.com/store/o-organics/departments/13181/aisles/69951,O Organics Market
Deli,https://www.instacart.com/store/o-organics/departments/13181,/O Organics Market/661f1f30948f48488845a0e52370c389.jpeg,https://www.instacart.com/store/o-organics/departments/13181/aisles/69954,O Organics Market
Deli,https://www.instacart.com/store/o-organics/departments/13181,/O Organics Market/661f1f30948f48488845a0e52370c389.jpeg,https://www.instacart.com/store/o-organics/departments/13181/aisles/69953,O Organics Market
Deli,https://www.instacart.com/store/o-organics/departments/13181,/O Organics Market/661f1f30948f48488845a0e52370c389.jpeg,https://www.instacart.com/store/o-organics/departments/13181/aisles/1013181,O Organics Market
Canned Goods,https://www.instacart.com/store/o-organics/departments/13149,/O Organics Market/fff436aed3124e09900670cb0d4b3334.jpeg,https://www.instacart.com/store/o-organics/departments/13149/aisles/69777,O Organics Market
Canned Goods,https://www.instacart.com/store/o-organics/departments/13149,/O Organics Market/fff436aed3124e09900670cb0d4b3334.jpeg,https://www.instacart.com/store/o-organics/departments/13149/aisles/69778,O Organics Market
Canned Goods,https://www.instacart.com/store/o-organics/departments/13149,/O Organics Market/fff436aed3124e09900670cb0d4b3334.jpeg,https://www.instacart.com/store/o-organics/departments/13149/aisles/69781,O Organics Market
Canned Goods,https://www.instacart.com/store/o-organics/departments/13149,/O Organics Market/fff436aed3124e09900670cb0d4b3334.jpeg,https://www.instacart.com/store/o-organics/departments/13149/aisles/69780,O Organics Market
Canned Goods,https://www.instacart.com/store/o-organics/departments/13149,/O Organics Market/fff436aed3124e09900670cb0d4b3334.jpeg,https://www.instacart.com/store/o-organics/departments/13149/aisles/69779,O Organics Market
Canned Goods,https://www.instacart.com/store/o-organics/departments/13149,/O Organics Market/fff436aed3124e09900670cb0d4b3334.jpeg,https://www.instacart.com/store/o-organics/departments/13149/aisles/1013149,O Organics Market
Dry Goods & Pasta,https://www.instacart.com/store/o-organics/departments/13174,/O Organics Market/702b1b70354c4941ab442bd81928a41c.jpeg,https://www.instacart.com/store/o-organics/departments/13174/aisles/69882,O Organics Market
Dry Goods & Pasta,https://www.instacart.com/store/o-organics/departments/13174,/O Organics Market/702b1b70354c4941ab442bd81928a41c.jpeg,https://www.instacart.com/store/o-organics/departments/13174/aisles/69885,O Organics Market
Dry Goods & Pasta,https://www.instacart.com/store/o-organics/departments/13174,/O Organics Market/702b1b70354c4941ab442bd81928a41c.jpeg,https://www.instacart.com/store/o-organics/departments/13174/aisles/69883,O Organics Market
Dry Goods & Pasta,https://www.instacart.com/store/o-organics/departments/13174,/O Organics Market/702b1b70354c4941ab442bd81928a41c.jpeg,https://www.instacart.com/store/o-organics/departments/13174/aisles/69884,O Organics Market
Dry Goods & Pasta,https://www.instacart.com/store/o-organics/departments/13174,/O Organics Market/702b1b70354c4941ab442bd81928a41c.jpeg,https://www.instacart.com/store/o-organics/departments/13174/aisles/69881,O Organics Market
Dry Goods & Pasta,https://www.instacart.com/store/o-organics/departments/13174,/O Organics Market/702b1b70354c4941ab442bd81928a41c.jpeg,https://www.instacart.com/store/o-organics/departments/13174/aisles/1013174,O Organics Market
International,https://www.instacart.com/store/o-organics/departments/13179,/O Organics Market/35505682c55f4b1f81ce4c75d07f537f.jpeg,https://www.instacart.com/store/o-organics/departments/13179/aisles/69934,O Organics Market
International,https://www.instacart.com/store/o-organics/departments/13179,/O Organics Market/35505682c55f4b1f81ce4c75d07f537f.jpeg,https://www.instacart.com/store/o-organics/departments/13179/aisles/69933,O Organics Market
International,https://www.instacart.com/store/o-organics/departments/13179,/O Organics Market/35505682c55f4b1f81ce4c75d07f537f.jpeg,https://www.instacart.com/store/o-organics/departments/13179/aisles/1013179,O Organics Market
International,https://www.instacart.com/store/o-organics/departments/13179,/O Organics Market/35505682c55f4b1f81ce4c75d07f537f.jpeg,https://www.instacart.com/store/o-organics/departments/13179/aisles/3013179,O Organics Market
Breakfast,https://www.instacart.com/store/o-organics/departments/13151,/O Organics Market/f7b7677bd355497795e192462e32edb8.jpeg,https://www.instacart.com/store/o-organics/departments/13151/aisles/69792,O Organics Market
Breakfast,https://www.instacart.com/store/o-organics/departments/13151,/O Organics Market/f7b7677bd355497795e192462e32edb8.jpeg,https://www.instacart.com/store/o-organics/departments/13151/aisles/69790,O Organics Market
Breakfast,https://www.instacart.com/store/o-organics/departments/13151,/O Organics Market/f7b7677bd355497795e192462e32edb8.jpeg,https://www.instacart.com/store/o-organics/departments/13151/aisles/69793,O Organics Market
Breakfast,https://www.instacart.com/store/o-organics/departments/13151,/O Organics Market/f7b7677bd355497795e192462e32edb8.jpeg,https://www.instacart.com/store/o-organics/departments/13151/aisles/69791,O Organics Market
Breakfast,https://www.instacart.com/store/o-organics/departments/13151,/O Organics Market/f7b7677bd355497795e192462e32edb8.jpeg,https://www.instacart.com/store/o-organics/departments/13151/aisles/1013151,O Organics Market
Babies,https://www.instacart.com/store/o-organics/departments/13165,/O Organics Market/6ccd16a233454e1d8a98da2a22424c58.jpeg,https://www.instacart.com/store/o-organics/departments/13165/aisles/69867,O Organics Market
Babies,https://www.instacart.com/store/o-organics/departments/13165,/O Organics Market/6ccd16a233454e1d8a98da2a22424c58.jpeg,https://www.instacart.com/store/o-organics/departments/13165/aisles/69866,O Organics Market
Babies,https://www.instacart.com/store/o-organics/departments/13165,/O Organics Market/6ccd16a233454e1d8a98da2a22424c58.jpeg,https://www.instacart.com/store/o-organics/departments/13165/aisles/1013165,O Organics Market
Household,https://www.instacart.com/store/o-organics/departments/13152,/O Organics Market/29fdb4a86f734029a4c3690a957bcfd4.jpeg,https://www.instacart.com/store/o-organics/departments/13152/aisles/69803,O Organics Market
Household,https://www.instacart.com/store/o-organics/departments/13152,/O Organics Market/29fdb4a86f734029a4c3690a957bcfd4.jpeg,https://www.instacart.com/store/o-organics/departments/13152/aisles/69799,O Organics Market
Household,https://www.instacart.com/store/o-organics/departments/13152,/O Organics Market/29fdb4a86f734029a4c3690a957bcfd4.jpeg,https://www.instacart.com/store/o-organics/departments/13152/aisles/69801,O Organics Market
Household,https://www.instacart.com/store/o-organics/departments/13152,/O Organics Market/29fdb4a86f734029a4c3690a957bcfd4.jpeg,https://www.instacart.com/store/o-organics/departments/13152/aisles/69797,O Organics Market
Household,https://www.instacart.com/store/o-organics/departments/13152,/O Organics Market/29fdb4a86f734029a4c3690a957bcfd4.jpeg,https://www.instacart.com/store/o-organics/departments/13152/aisles/1013152,O Organics Market
Sales,https://www.instacart.com/store/o-organics/departments/1000413,/Safeway/c32a1797646544f5924b77bb9faa00d4.jpeg,https://www.instacart.com/store/o-organics/departments/1000413/aisles/1013698,Safeway
Sales,https://www.instacart.com/store/o-organics/departments/1000413,/Safeway/c32a1797646544f5924b77bb9faa00d4.jpeg,https://www.instacart.com/store/o-organics/departments/1000413/aisles/1013615,Safeway
Sales,https://www.instacart.com/store/o-organics/departments/1000413,/Safeway/c32a1797646544f5924b77bb9faa00d4.jpeg,https://www.instacart.com/store/o-organics/departments/1000413/aisles/1013423,Safeway
Sales,https://www.instacart.com/store/o-organics/departments/1000413,/Safeway/c32a1797646544f5924b77bb9faa00d4.jpeg,https://www.instacart.com/store/o-organics/departments/1000413/aisles/1013158,Safeway
Sales,https://www.instacart.com/store/o-organics/departments/1000413,/Safeway/c32a1797646544f5924b77bb9faa00d4.jpeg,https://www.instacart.com/store/o-organics/departments/1000413/aisles/1013161,Safeway
Sales,https://www.instacart.com/store/o-organics/departments/1000413,/Safeway/c32a1797646544f5924b77bb9faa00d4.jpeg,https://www.instacart.com/store/o-organics/departments/1000413/aisles/1013181,Safeway
Sales,https://www.instacart.com/store/o-organics/departments/1000413,/Safeway/c32a1797646544f5924b77bb9faa00d4.jpeg,https://www.instacart.com/store/o-organics/departments/1000413/aisles/1013148,Safeway
Sales,https://www.instacart.com/store/o-organics/departments/1000413,/Safeway/c32a1797646544f5924b77bb9faa00d4.jpeg,https://www.instacart.com/store/o-organics/departments/1000413/aisles/1013176,Safeway
Sales,https://www.instacart.com/store/o-organics/departments/1000413,/Safeway/c32a1797646544f5924b77bb9faa00d4.jpeg,https://www.instacart.com/store/o-organics/departments/1000413/aisles/1013149,Safeway
Sales,https://www.instacart.com/store/o-organics/departments/1000413,/Safeway/c32a1797646544f5924b77bb9faa00d4.jpeg,https://www.instacart.com/store/o-organics/departments/1000413/aisles/1013174,Safeway
Sales,https://www.instacart.com/store/o-organics/departments/1000413,/Safeway/c32a1797646544f5924b77bb9faa00d4.jpeg,https://www.instacart.com/store/o-organics/departments/1000413/aisles/1013175,Safeway
Sales,https://www.instacart.com/store/o-organics/departments/1000413,/Safeway/c32a1797646544f5924b77bb9faa00d4.jpeg,https://www.instacart.com/store/o-organics/departments/1000413/aisles/1013179,Safeway
Sales,https://www.instacart.com/store/o-organics/departments/1000413,/Safeway/c32a1797646544f5924b77bb9faa00d4.jpeg,https://www.instacart.com/store/o-organics/departments/1000413/aisles/1013150,Safeway
Sales,https://www.instacart.com/store/o-organics/departments/1000413,/Safeway/c32a1797646544f5924b77bb9faa00d4.jpeg,https://www.instacart.com/store/o-organics/departments/1000413/aisles/1013151,Safeway
Sales,https://www.instacart.com/store/o-organics/departments/1000413,/Safeway/c32a1797646544f5924b77bb9faa00d4.jpeg,https://www.instacart.com/store/o-organics/departments/1000413/aisles/1013157,Safeway
Sales,https://www.instacart.com/store/o-organics/departments/1000413,/Safeway/c32a1797646544f5924b77bb9faa00d4.jpeg,https://www.instacart.com/store/o-organics/departments/1000413/aisles/1013156,Safeway
Sales,https://www.instacart.com/store/o-organics/departments/1000413,/Safeway/c32a1797646544f5924b77bb9faa00d4.jpeg,https://www.instacart.com/store/o-organics/departments/1000413/aisles/1013165,Safeway
Sales,https://www.instacart.com/store/o-organics/departments/1000413,/Safeway/c32a1797646544f5924b77bb9faa00d4.jpeg,https://www.instacart.com/store/o-organics/departments/1000413/aisles/1013152,Safeway
Open Nature,https://www.instacart.com/store/o-organics/departments/13698,,https://www.instacart.com/store/o-organics/departments/13698/aisles/72793,Safeway
Open Nature,https://www.instacart.com/store/o-organics/departments/13698,,https://www.instacart.com/store/o-organics/departments/13698/aisles/72607,Safeway
Open Nature,https://www.instacart.com/store/o-organics/departments/13698,,https://www.instacart.com/store/o-organics/departments/13698/aisles/72606,Safeway
Open Nature,https://www.instacart.com/store/o-organics/departments/13698,,https://www.instacart.com/store/o-organics/departments/13698/aisles/72605,Safeway
Open Nature,https://www.instacart.com/store/o-organics/departments/13698,,https://www.instacart.com/store/o-organics/departments/13698/aisles/72604,Safeway
Open Nature,https://www.instacart.com/store/o-organics/departments/13698,,https://www.instacart.com/store/o-organics/departments/13698/aisles/72603,Safeway
Open Nature,https://www.instacart.com/store/o-organics/departments/13698,,https://www.instacart.com/store/o-organics/departments/13698/aisles/72602,Safeway
Open Nature,https://www.instacart.com/store/o-organics/departments/13698,,https://www.instacart.com/store/o-organics/departments/13698/aisles/72601,Safeway
Open Nature,https://www.instacart.com/store/o-organics/departments/13698,,https://www.instacart.com/store/o-organics/departments/13698/aisles/72600,Safeway
Open Nature,https://www.instacart.com/store/o-organics/departments/13698,,https://www.instacart.com/store/o-organics/departments/13698/aisles/72599,Safeway
Open Nature,https://www.instacart.com/store/o-organics/departments/13698,,https://www.instacart.com/store/o-organics/departments/13698/aisles/1013698,Safeway
Gluten Free,https://www.instacart.com/store/o-organics/departments/13615,,https://www.instacart.com/store/o-organics/departments/13615/aisles/72395,Safeway
Gluten Free,https://www.instacart.com/store/o-organics/departments/13615,,https://www.instacart.com/store/o-organics/departments/13615/aisles/72393,Safeway
Gluten Free,https://www.instacart.com/store/o-organics/departments/13615,,https://www.instacart.com/store/o-organics/departments/13615/aisles/72392,Safeway
Gluten Free,https://www.instacart.com/store/o-organics/departments/13615,,https://www.instacart.com/store/o-organics/departments/13615/aisles/72391,Safeway
Gluten Free,https://www.instacart.com/store/o-organics/departments/13615,,https://www.instacart.com/store/o-organics/departments/13615/aisles/72390,Safeway
Gluten Free,https://www.instacart.com/store/o-organics/departments/13615,,https://www.instacart.com/store/o-organics/departments/13615/aisles/72388,Safeway
Gluten Free,https://www.instacart.com/store/o-organics/departments/13615,,https://www.instacart.com/store/o-organics/departments/13615/aisles/72386,Safeway
Gluten Free,https://www.instacart.com/store/o-organics/departments/13615,,https://www.instacart.com/store/o-organics/departments/13615/aisles/72385,Safeway
Gluten Free,https://www.instacart.com/store/o-organics/departments/13615,,https://www.instacart.com/store/o-organics/departments/13615/aisles/1013615,Safeway
Organic,https://www.instacart.com/store/o-organics/departments/13423,,https://www.instacart.com/store/o-organics/departments/13423/aisles/71200,Safeway
Organic,https://www.instacart.com/store/o-organics/departments/13423,,https://www.instacart.com/store/o-organics/departments/13423/aisles/71199,Safeway
Organic,https://www.instacart.com/store/o-organics/departments/13423,,https://www.instacart.com/store/o-organics/departments/13423/aisles/71198,Safeway
Organic,https://www.instacart.com/store/o-organics/departments/13423,,https://www.instacart.com/store/o-organics/departments/13423/aisles/71197,Safeway
Organic,https://www.instacart.com/store/o-organics/departments/13423,,https://www.instacart.com/store/o-organics/departments/13423/aisles/71196,Safeway
Organic,https://www.instacart.com/store/o-organics/departments/13423,,https://www.instacart.com/store/o-organics/departments/13423/aisles/71195,Safeway
Organic,https://www.instacart.com/store/o-organics/departments/13423,,https://www.instacart.com/store/o-organics/departments/13423/aisles/1013423,Safeway
Produce,https://www.instacart.com/store/o-organics/departments/13158,/Safeway/7c97804e95ba4197ab5b5eb26108bbaa.jpeg,https://www.instacart.com/store/o-organics/departments/13158/aisles/77486,Safeway
Produce,https://www.instacart.com/store/o-organics/departments/13158,/Safeway/7c97804e95ba4197ab5b5eb26108bbaa.jpeg,https://www.instacart.com/store/o-organics/departments/13158/aisles/77485,Safeway
Produce,https://www.instacart.com/store/o-organics/departments/13158,/Safeway/7c97804e95ba4197ab5b5eb26108bbaa.jpeg,https://www.instacart.com/store/o-organics/departments/13158/aisles/77299,Safeway
Produce,https://www.instacart.com/store/o-organics/departments/13158,/Safeway/7c97804e95ba4197ab5b5eb26108bbaa.jpeg,https://www.instacart.com/store/o-organics/departments/13158/aisles/70618,Safeway
Produce,https://www.instacart.com/store/o-organics/departments/13158,/Safeway/7c97804e95ba4197ab5b5eb26108bbaa.jpeg,https://www.instacart.com/store/o-organics/departments/13158/aisles/69843,Safeway
Produce,https://www.instacart.com/store/o-organics/departments/13158,/Safeway/7c97804e95ba4197ab5b5eb26108bbaa.jpeg,https://www.instacart.com/store/o-organics/departments/13158/aisles/69845,Safeway
Produce,https://www.instacart.com/store/o-organics/departments/13158,/Safeway/7c97804e95ba4197ab5b5eb26108bbaa.jpeg,https://www.instacart.com/store/o-organics/departments/13158/aisles/69844,Safeway
Produce,https://www.instacart.com/store/o-organics/departments/13158,/Safeway/7c97804e95ba4197ab5b5eb26108bbaa.jpeg,https://www.instacart.com/store/o-organics/departments/13158/aisles/69842,Safeway
Produce,https://www.instacart.com/store/o-organics/departments/13158,/Safeway/7c97804e95ba4197ab5b5eb26108bbaa.jpeg,https://www.instacart.com/store/o-organics/departments/13158/aisles/1013158,Safeway
Produce,https://www.instacart.com/store/o-organics/departments/13158,/Safeway/7c97804e95ba4197ab5b5eb26108bbaa.jpeg,https://www.instacart.com/store/o-organics/departments/13158/aisles/3013158,Safeway
Dairy & Eggs,https://www.instacart.com/store/o-organics/departments/13176,/Safeway/24d36351171947a389ba2958b6d06013.jpeg,https://www.instacart.com/store/o-organics/departments/13176/aisles/69900,Safeway
Dairy & Eggs,https://www.instacart.com/store/o-organics/departments/13176,/Safeway/24d36351171947a389ba2958b6d06013.jpeg,https://www.instacart.com/store/o-organics/departments/13176/aisles/69903,Safeway
Dairy & Eggs,https://www.instacart.com/store/o-organics/departments/13176,/Safeway/24d36351171947a389ba2958b6d06013.jpeg,https://www.instacart.com/store/o-organics/departments/13176/aisles/69901,Safeway
Dairy & Eggs,https://www.instacart.com/store/o-organics/departments/13176,/Safeway/24d36351171947a389ba2958b6d06013.jpeg,https://www.instacart.com/store/o-organics/departments/13176/aisles/69899,Safeway
Dairy & Eggs,https://www.instacart.com/store/o-organics/departments/13176,/Safeway/24d36351171947a389ba2958b6d06013.jpeg,https://www.instacart.com/store/o-organics/departments/13176/aisles/69904,Safeway
Dairy & Eggs,https://www.instacart.com/store/o-organics/departments/13176,/Safeway/24d36351171947a389ba2958b6d06013.jpeg,https://www.instacart.com/store/o-organics/departments/13176/aisles/69898,Safeway
Dairy & Eggs,https://www.instacart.com/store/o-organics/departments/13176,/Safeway/24d36351171947a389ba2958b6d06013.jpeg,https://www.instacart.com/store/o-organics/departments/13176/aisles/69902,Safeway
Dairy & Eggs,https://www.instacart.com/store/o-organics/departments/13176,/Safeway/24d36351171947a389ba2958b6d06013.jpeg,https://www.instacart.com/store/o-organics/departments/13176/aisles/69906,Safeway
Dairy & Eggs,https://www.instacart.com/store/o-organics/departments/13176,/Safeway/24d36351171947a389ba2958b6d06013.jpeg,https://www.instacart.com/store/o-organics/departments/13176/aisles/1013176,Safeway
Snacks,https://www.instacart.com/store/o-organics/departments/13157,/Safeway/55e20d01a2d344a4834e06813a7fe324.jpeg,https://www.instacart.com/store/o-organics/departments/13157/aisles/69832,Safeway
Snacks,https://www.instacart.com/store/o-organics/departments/13157,/Safeway/55e20d01a2d344a4834e06813a7fe324.jpeg,https://www.instacart.com/store/o-organics/departments/13157/aisles/69836,Safeway
Snacks,https://www.instacart.com/store/o-organics/departments/13157,/Safeway/55e20d01a2d344a4834e06813a7fe324.jpeg,https://www.instacart.com/store/o-organics/departments/13157/aisles/69833,Safeway
Snacks,https://www.instacart.com/store/o-organics/departments/13157,/Safeway/55e20d01a2d344a4834e06813a7fe324.jpeg,https://www.instacart.com/store/o-organics/departments/13157/aisles/69838,Safeway
Snacks,https://www.instacart.com/store/o-organics/departments/13157,/Safeway/55e20d01a2d344a4834e06813a7fe324.jpeg,https://www.instacart.com/store/o-organics/departments/13157/aisles/69834,Safeway
Snacks,https://www.instacart.com/store/o-organics/departments/13157,/Safeway/55e20d01a2d344a4834e06813a7fe324.jpeg,https://www.instacart.com/store/o-organics/departments/13157/aisles/69839,Safeway
Snacks,https://www.instacart.com/store/o-organics/departments/13157,/Safeway/55e20d01a2d344a4834e06813a7fe324.jpeg,https://www.instacart.com/store/o-organics/departments/13157/aisles/69837,Safeway
Snacks,https://www.instacart.com/store/o-organics/departments/13157,/Safeway/55e20d01a2d344a4834e06813a7fe324.jpeg,https://www.instacart.com/store/o-organics/departments/13157/aisles/69831,Safeway
Snacks,https://www.instacart.com/store/o-organics/departments/13157,/Safeway/55e20d01a2d344a4834e06813a7fe324.jpeg,https://www.instacart.com/store/o-organics/departments/13157/aisles/69830,Safeway
Snacks,https://www.instacart.com/store/o-organics/departments/13157,/Safeway/55e20d01a2d344a4834e06813a7fe324.jpeg,https://www.instacart.com/store/o-organics/departments/13157/aisles/1013157,Safeway
Snacks,https://www.instacart.com/store/o-organics/departments/13157,/Safeway/55e20d01a2d344a4834e06813a7fe324.jpeg,https://www.instacart.com/store/o-organics/departments/13157/aisles/3013157,Safeway
Beverages,https://www.instacart.com/store/o-organics/departments/13150,/Safeway/57c2c520cad04fd5ac79ff9f1bbe012b.jpeg,https://www.instacart.com/store/o-organics/departments/13150/aisles/69786,Safeway
Beverages,https://www.instacart.com/store/o-organics/departments/13150,/Safeway/57c2c520cad04fd5ac79ff9f1bbe012b.jpeg,https://www.instacart.com/store/o-organics/departments/13150/aisles/69788,Safeway
Beverages,https://www.instacart.com/store/o-organics/departments/13150,/Safeway/57c2c520cad04fd5ac79ff9f1bbe012b.jpeg,https://www.instacart.com/store/o-organics/departments/13150/aisles/69787,Safeway
Beverages,https://www.instacart.com/store/o-organics/departments/13150,/Safeway/57c2c520cad04fd5ac79ff9f1bbe012b.jpeg,https://www.instacart.com/store/o-organics/departments/13150/aisles/69784,Safeway
Beverages,https://www.instacart.com/store/o-organics/departments/13150,/Safeway/57c2c520cad04fd5ac79ff9f1bbe012b.jpeg,https://www.instacart.com/store/o-organics/departments/13150/aisles/69785,Safeway
Beverages,https://www.instacart.com/store/o-organics/departments/13150,/Safeway/57c2c520cad04fd5ac79ff9f1bbe012b.jpeg,https://www.instacart.com/store/o-organics/departments/13150/aisles/69782,Safeway
Beverages,https://www.instacart.com/store/o-organics/departments/13150,/Safeway/57c2c520cad04fd5ac79ff9f1bbe012b.jpeg,https://www.instacart.com/store/o-organics/departments/13150/aisles/69789,Safeway
Beverages,https://www.instacart.com/store/o-organics/departments/13150,/Safeway/57c2c520cad04fd5ac79ff9f1bbe012b.jpeg,https://www.instacart.com/store/o-organics/departments/13150/aisles/69783,Safeway
Beverages,https://www.instacart.com/store/o-organics/departments/13150,/Safeway/57c2c520cad04fd5ac79ff9f1bbe012b.jpeg,https://www.instacart.com/store/o-organics/departments/13150/aisles/1013150,Safeway
Beverages,https://www.instacart.com/store/o-organics/departments/13150,/Safeway/57c2c520cad04fd5ac79ff9f1bbe012b.jpeg,https://www.instacart.com/store/o-organics/departments/13150/aisles/3013150,Safeway
Meat & Seafood,https://www.instacart.com/store/o-organics/departments/13161,/Safeway/3087d543fd674f7f8bbb990f348f6215.jpeg,https://www.instacart.com/store/o-organics/departments/13161/aisles/69850,Safeway
Meat & Seafood,https://www.instacart.com/store/o-organics/departments/13161,/Safeway/3087d543fd674f7f8bbb990f348f6215.jpeg,https://www.instacart.com/store/o-organics/departments/13161/aisles/69851,Safeway
Meat & Seafood,https://www.instacart.com/store/o-organics/departments/13161,/Safeway/3087d543fd674f7f8bbb990f348f6215.jpeg,https://www.instacart.com/store/o-organics/departments/13161/aisles/69854,Safeway
Meat & Seafood,https://www.instacart.com/store/o-organics/departments/13161,/Safeway/3087d543fd674f7f8bbb990f348f6215.jpeg,https://www.instacart.com/store/o-organics/departments/13161/aisles/69848,Safeway
Meat & Seafood,https://www.instacart.com/store/o-organics/departments/13161,/Safeway/3087d543fd674f7f8bbb990f348f6215.jpeg,https://www.instacart.com/store/o-organics/departments/13161/aisles/69853,Safeway
Meat & Seafood,https://www.instacart.com/store/o-organics/departments/13161,/Safeway/3087d543fd674f7f8bbb990f348f6215.jpeg,https://www.instacart.com/store/o-organics/departments/13161/aisles/69852,Safeway
Meat & Seafood,https://www.instacart.com/store/o-organics/departments/13161,/Safeway/3087d543fd674f7f8bbb990f348f6215.jpeg,https://www.instacart.com/store/o-organics/departments/13161/aisles/69849,Safeway
Meat & Seafood,https://www.instacart.com/store/o-organics/departments/13161,/Safeway/3087d543fd674f7f8bbb990f348f6215.jpeg,https://www.instacart.com/store/o-organics/departments/13161/aisles/1013161,Safeway
Frozen,https://www.instacart.com/store/o-organics/departments/13156,/Safeway/230258f33422435694d1536b7fab33d0.jpeg,https://www.instacart.com/store/o-organics/departments/13156/aisles/69823,Safeway
Frozen,https://www.instacart.com/store/o-organics/departments/13156,/Safeway/230258f33422435694d1536b7fab33d0.jpeg,https://www.instacart.com/store/o-organics/departments/13156/aisles/69827,Safeway
Frozen,https://www.instacart.com/store/o-organics/departments/13156,/Safeway/230258f33422435694d1536b7fab33d0.jpeg,https://www.instacart.com/store/o-organics/departments/13156/aisles/69826,Safeway
Frozen,https://www.instacart.com/store/o-organics/departments/13156,/Safeway/230258f33422435694d1536b7fab33d0.jpeg,https://www.instacart.com/store/o-organics/departments/13156/aisles/69828,Safeway
Frozen,https://www.instacart.com/store/o-organics/departments/13156,/Safeway/230258f33422435694d1536b7fab33d0.jpeg,https://www.instacart.com/store/o-organics/departments/13156/aisles/69818,Safeway
Frozen,https://www.instacart.com/store/o-organics/departments/13156,/Safeway/230258f33422435694d1536b7fab33d0.jpeg,https://www.instacart.com/store/o-organics/departments/13156/aisles/69825,Safeway
Frozen,https://www.instacart.com/store/o-organics/departments/13156,/Safeway/230258f33422435694d1536b7fab33d0.jpeg,https://www.instacart.com/store/o-organics/departments/13156/aisles/1013156,Safeway
Pantry,https://www.instacart.com/store/o-organics/departments/13175,/Safeway/b3257b63658f45089119637b90ebb201.jpeg,https://www.instacart.com/store/o-organics/departments/13175/aisles/69897,Safeway
Pantry,https://www.instacart.com/store/o-organics/departments/13175,/Safeway/b3257b63658f45089119637b90ebb201.jpeg,https://www.instacart.com/store/o-organics/departments/13175/aisles/69892,Safeway
Pantry,https://www.instacart.com/store/o-organics/departments/13175,/Safeway/b3257b63658f45089119637b90ebb201.jpeg,https://www.instacart.com/store/o-organics/departments/13175/aisles/69889,Safeway
Pantry,https://www.instacart.com/store/o-organics/departments/13175,/Safeway/b3257b63658f45089119637b90ebb201.jpeg,https://www.instacart.com/store/o-organics/departments/13175/aisles/69891,Safeway
Pantry,https://www.instacart.com/store/o-organics/departments/13175,/Safeway/b3257b63658f45089119637b90ebb201.jpeg,https://www.instacart.com/store/o-organics/departments/13175/aisles/69890,Safeway
Pantry,https://www.instacart.com/store/o-organics/departments/13175,/Safeway/b3257b63658f45089119637b90ebb201.jpeg,https://www.instacart.com/store/o-organics/departments/13175/aisles/69886,Safeway
Pantry,https://www.instacart.com/store/o-organics/departments/13175,/Safeway/b3257b63658f45089119637b90ebb201.jpeg,https://www.instacart.com/store/o-organics/departments/13175/aisles/69887,Safeway
Pantry,https://www.instacart.com/store/o-organics/departments/13175,/Safeway/b3257b63658f45089119637b90ebb201.jpeg,https://www.instacart.com/store/o-organics/departments/13175/aisles/69896,Safeway
Pantry,https://www.instacart.com/store/o-organics/departments/13175,/Safeway/b3257b63658f45089119637b90ebb201.jpeg,https://www.instacart.com/store/o-organics/departments/13175/aisles/69895,Safeway
Pantry,https://www.instacart.com/store/o-organics/departments/13175,/Safeway/b3257b63658f45089119637b90ebb201.jpeg,https://www.instacart.com/store/o-organics/departments/13175/aisles/69894,Safeway
Pantry,https://www.instacart.com/store/o-organics/departments/13175,/Safeway/b3257b63658f45089119637b90ebb201.jpeg,https://www.instacart.com/store/o-organics/departments/13175/aisles/1013175,Safeway
Bakery,https://www.instacart.com/store/o-organics/departments/13148,/Safeway/32de688af2c34a19acb3298de68da918.jpeg,https://www.instacart.com/store/o-organics/departments/13148/aisles/69774,Safeway
Bakery,https://www.instacart.com/store/o-organics/departments/13148,/Safeway/32de688af2c34a19acb3298de68da918.jpeg,https://www.instacart.com/store/o-organics/departments/13148/aisles/69772,Safeway
Bakery,https://www.instacart.com/store/o-organics/departments/13148,/Safeway/32de688af2c34a19acb3298de68da918.jpeg,https://www.instacart.com/store/o-organics/departments/13148/aisles/69773,Safeway
Bakery,https://www.instacart.com/store/o-organics/departments/13148,/Safeway/32de688af2c34a19acb3298de68da918.jpeg,https://www.instacart.com/store/o-organics/departments/13148/aisles/69776,Safeway
Bakery,https://www.instacart.com/store/o-organics/departments/13148,/Safeway/32de688af2c34a19acb3298de68da918.jpeg,https://www.instacart.com/store/o-organics/departments/13148/aisles/69775,Safeway
Bakery,https://www.instacart.com/store/o-organics/departments/13148,/Safeway/32de688af2c34a19acb3298de68da918.jpeg,https://www.instacart.com/store/o-organics/departments/13148/aisles/1013148,Safeway
Deli,https://www.instacart.com/store/o-organics/departments/13181,/Safeway/d3cc47fcdb0740cebe421a832bb25be8.jpeg,https://www.instacart.com/store/o-organics/departments/13181/aisles/76877,Safeway
Deli,https://www.instacart.com/store/o-organics/departments/13181,/Safeway/d3cc47fcdb0740cebe421a832bb25be8.jpeg,https://www.instacart.com/store/o-organics/departments/13181/aisles/69841,Safeway
Deli,https://www.instacart.com/store/o-organics/departments/13181,/Safeway/d3cc47fcdb0740cebe421a832bb25be8.jpeg,https://www.instacart.com/store/o-organics/departments/13181/aisles/69952,Safeway
Deli,https://www.instacart.com/store/o-organics/departments/13181,/Safeway/d3cc47fcdb0740cebe421a832bb25be8.jpeg,https://www.instacart.com/store/o-organics/departments/13181/aisles/69955,Safeway
Deli,https://www.instacart.com/store/o-organics/departments/13181,/Safeway/d3cc47fcdb0740cebe421a832bb25be8.jpeg,https://www.instacart.com/store/o-organics/departments/13181/aisles/69951,Safeway
Deli,https://www.instacart.com/store/o-organics/departments/13181,/Safeway/d3cc47fcdb0740cebe421a832bb25be8.jpeg,https://www.instacart.com/store/o-organics/departments/13181/aisles/69954,Safeway
Deli,https://www.instacart.com/store/o-organics/departments/13181,/Safeway/d3cc47fcdb0740cebe421a832bb25be8.jpeg,https://www.instacart.com/store/o-organics/departments/13181/aisles/69953,Safeway
Deli,https://www.instacart.com/store/o-organics/departments/13181,/Safeway/d3cc47fcdb0740cebe421a832bb25be8.jpeg,https://www.instacart.com/store/o-organics/departments/13181/aisles/1013181,Safeway
Canned Goods,https://www.instacart.com/store/o-organics/departments/13149,/Safeway/821fc85bd8bf40fbacfe9ec96dccf90e.jpeg,https://www.instacart.com/store/o-organics/departments/13149/aisles/69777,Safeway
Canned Goods,https://www.instacart.com/store/o-organics/departments/13149,/Safeway/821fc85bd8bf40fbacfe9ec96dccf90e.jpeg,https://www.instacart.com/store/o-organics/departments/13149/aisles/69778,Safeway
Canned Goods,https://www.instacart.com/store/o-organics/departments/13149,/Safeway/821fc85bd8bf40fbacfe9ec96dccf90e.jpeg,https://www.instacart.com/store/o-organics/departments/13149/aisles/69781,Safeway
Canned Goods,https://www.instacart.com/store/o-organics/departments/13149,/Safeway/821fc85bd8bf40fbacfe9ec96dccf90e.jpeg,https://www.instacart.com/store/o-organics/departments/13149/aisles/69780,Safeway
Canned Goods,https://www.instacart.com/store/o-organics/departments/13149,/Safeway/821fc85bd8bf40fbacfe9ec96dccf90e.jpeg,https://www.instacart.com/store/o-organics/departments/13149/aisles/69779,Safeway
Canned Goods,https://www.instacart.com/store/o-organics/departments/13149,/Safeway/821fc85bd8bf40fbacfe9ec96dccf90e.jpeg,https://www.instacart.com/store/o-organics/departments/13149/aisles/1013149,Safeway
Dry Goods & Pasta,https://www.instacart.com/store/o-organics/departments/13174,/Safeway/677bbe6fcf99458ebd608321d28a570f.jpeg,https://www.instacart.com/store/o-organics/departments/13174/aisles/69882,Safeway
Dry Goods & Pasta,https://www.instacart.com/store/o-organics/departments/13174,/Safeway/677bbe6fcf99458ebd608321d28a570f.jpeg,https://www.instacart.com/store/o-organics/departments/13174/aisles/69885,Safeway
Dry Goods & Pasta,https://www.instacart.com/store/o-organics/departments/13174,/Safeway/677bbe6fcf99458ebd608321d28a570f.jpeg,https://www.instacart.com/store/o-organics/departments/13174/aisles/69883,Safeway
Dry Goods & Pasta,https://www.instacart.com/store/o-organics/departments/13174,/Safeway/677bbe6fcf99458ebd608321d28a570f.jpeg,https://www.instacart.com/store/o-organics/departments/13174/aisles/69884,Safeway
Dry Goods & Pasta,https://www.instacart.com/store/o-organics/departments/13174,/Safeway/677bbe6fcf99458ebd608321d28a570f.jpeg,https://www.instacart.com/store/o-organics/departments/13174/aisles/69881,Safeway
Dry Goods & Pasta,https://www.instacart.com/store/o-organics/departments/13174,/Safeway/677bbe6fcf99458ebd608321d28a570f.jpeg,https://www.instacart.com/store/o-organics/departments/13174/aisles/1013174,Safeway
International,https://www.instacart.com/store/o-organics/departments/13179,/Safeway/7732785513a443a38639e6d1d9690c16.jpeg,https://www.instacart.com/store/o-organics/departments/13179/aisles/69934,Safeway
International,https://www.instacart.com/store/o-organics/departments/13179,/Safeway/7732785513a443a38639e6d1d9690c16.jpeg,https://www.instacart.com/store/o-organics/departments/13179/aisles/69933,Safeway
International,https://www.instacart.com/store/o-organics/departments/13179,/Safeway/7732785513a443a38639e6d1d9690c16.jpeg,https://www.instacart.com/store/o-organics/departments/13179/aisles/1013179,Safeway
International,https://www.instacart.com/store/o-organics/departments/13179,/Safeway/7732785513a443a38639e6d1d9690c16.jpeg,https://www.instacart.com/store/o-organics/departments/13179/aisles/3013179,Safeway
Breakfast,https://www.instacart.com/store/o-organics/departments/13151,/Safeway/950a9f30b0b541ac97b84f20b30ed625.jpeg,https://www.instacart.com/store/o-organics/departments/13151/aisles/69792,Safeway
Breakfast,https://www.instacart.com/store/o-organics/departments/13151,/Safeway/950a9f30b0b541ac97b84f20b30ed625.jpeg,https://www.instacart.com/store/o-organics/departments/13151/aisles/69790,Safeway
Breakfast,https://www.instacart.com/store/o-organics/departments/13151,/Safeway/950a9f30b0b541ac97b84f20b30ed625.jpeg,https://www.instacart.com/store/o-organics/departments/13151/aisles/69793,Safeway
Breakfast,https://www.instacart.com/store/o-organics/departments/13151,/Safeway/950a9f30b0b541ac97b84f20b30ed625.jpeg,https://www.instacart.com/store/o-organics/departments/13151/aisles/69791,Safeway
Breakfast,https://www.instacart.com/store/o-organics/departments/13151,/Safeway/950a9f30b0b541ac97b84f20b30ed625.jpeg,https://www.instacart.com/store/o-organics/departments/13151/aisles/1013151,Safeway
Babies,https://www.instacart.com/store/o-organics/departments/13165,/Safeway/8c80dc551e3f4d8ea8be91e80bd01623.jpeg,https://www.instacart.com/store/o-organics/departments/13165/aisles/69867,Safeway
Babies,https://www.instacart.com/store/o-organics/departments/13165,/Safeway/8c80dc551e3f4d8ea8be91e80bd01623.jpeg,https://www.instacart.com/store/o-organics/departments/13165/aisles/69866,Safeway
Babies,https://www.instacart.com/store/o-organics/departments/13165,/Safeway/8c80dc551e3f4d8ea8be91e80bd01623.jpeg,https://www.instacart.com/store/o-organics/departments/13165/aisles/1013165,Safeway
Pets,https://www.instacart.com/store/o-organics/departments/13153,/Safeway/b5166359cd804051a536ff5e72502fdf.jpeg,https://www.instacart.com/store/o-organics/departments/13153/aisles/69809,Safeway
Pets,https://www.instacart.com/store/o-organics/departments/13153,/Safeway/b5166359cd804051a536ff5e72502fdf.jpeg,https://www.instacart.com/store/o-organics/departments/13153/aisles/69807,Safeway
Household,https://www.instacart.com/store/o-organics/departments/13152,/Safeway/cec0dd65e01c46be8f6c3597746bb228.jpeg,https://www.instacart.com/store/o-organics/departments/13152/aisles/69803,Safeway
Household,https://www.instacart.com/store/o-organics/departments/13152,/Safeway/cec0dd65e01c46be8f6c3597746bb228.jpeg,https://www.instacart.com/store/o-organics/departments/13152/aisles/69799,Safeway
Household,https://www.instacart.com/store/o-organics/departments/13152,/Safeway/cec0dd65e01c46be8f6c3597746bb228.jpeg,https://www.instacart.com/store/o-organics/departments/13152/aisles/69801,Safeway
Household,https://www.instacart.com/store/o-organics/departments/13152,/Safeway/cec0dd65e01c46be8f6c3597746bb228.jpeg,https://www.instacart.com/store/o-organics/departments/13152/aisles/69797,Safeway
Household,https://www.instacart.com/store/o-organics/departments/13152,/Safeway/cec0dd65e01c46be8f6c3597746bb228.jpeg,https://www.instacart.com/store/o-organics/departments/13152/aisles/1013152,Safeway
